{
    "animals": [
        "Polar bear",
        "Sea lion",
        "Whale",
        "Bear",
        "Monkey",
        "Hippopotamus"
    ],
    "count": {
        "Bear": 0.266666666666667,
        "Hippopotamus": 0.0666666666666667,
        "Monkey": 0.133333333333333,
        "Polar bear": 1.86666666666667,
        "Sea lion": 0.266666666666667,
        "Whale": 0.266666666666667
    },
    "surfaces": {
        "Bear": 5978.52144164726,
        "Hippopotamus": 1824.74689146479,
        "Monkey": 4126.42223849925,
        "Polar bear": 46235.1948179925,
        "Sea lion": 5961.11777784555,
        "Whale": 12082.9808952555
    },
    "video": "../stream_downloader/streams/HsLvnFQW_yM/20231202_115928.mp4"
}